siren,url_pappers,site_web
327081832,https://www.pappers.fr/recherche?q=327081832,
350212718,https://www.pappers.fr/recherche?q=350212718,
353944010,https://www.pappers.fr/recherche?q=353944010,
380890996,https://www.pappers.fr/recherche?q=380890996,
390927721,https://www.pappers.fr/recherche?q=390927721,
392850160,https://www.pappers.fr/recherche?q=392850160,
401178157,https://www.pappers.fr/recherche?q=401178157,
410475388,https://www.pappers.fr/recherche?q=410475388,
412357121,https://www.pappers.fr/recherche?q=412357121,
422430074,https://www.pappers.fr/recherche?q=422430074,
424097897,https://www.pappers.fr/recherche?q=424097897,
433668613,https://www.pappers.fr/recherche?q=433668613,
434069092,https://www.pappers.fr/recherche?q=434069092,
434224820,https://www.pappers.fr/recherche?q=434224820,
439496175,https://www.pappers.fr/recherche?q=439496175,
442687083,https://www.pappers.fr/recherche?q=442687083,
443005285,https://www.pappers.fr/recherche?q=443005285,
447981416,https://www.pappers.fr/recherche?q=447981416,
448068593,https://www.pappers.fr/recherche?q=448068593,
448213579,https://www.pappers.fr/recherche?q=448213579,
448569699,https://www.pappers.fr/recherche?q=448569699,
448799619,https://www.pappers.fr/recherche?q=448799619,
448851535,https://www.pappers.fr/recherche?q=448851535,
451084412,https://www.pappers.fr/recherche?q=451084412,
452210131,https://www.pappers.fr/recherche?q=452210131,
452506009,https://www.pappers.fr/recherche?q=452506009,
477697825,https://www.pappers.fr/recherche?q=477697825,
477705768,https://www.pappers.fr/recherche?q=477705768,
482222825,https://www.pappers.fr/recherche?q=482222825,
482232345,https://www.pappers.fr/recherche?q=482232345,
482277431,https://www.pappers.fr/recherche?q=482277431,
483492872,https://www.pappers.fr/recherche?q=483492872,
484226535,https://www.pappers.fr/recherche?q=484226535,
484718044,https://www.pappers.fr/recherche?q=484718044,
484892567,https://www.pappers.fr/recherche?q=484892567,
488361460,https://www.pappers.fr/recherche?q=488361460,
488916628,https://www.pappers.fr/recherche?q=488916628,
490094737,https://www.pappers.fr/recherche?q=490094737,
490371614,https://www.pappers.fr/recherche?q=490371614,
491080396,https://www.pappers.fr/recherche?q=491080396,
491852489,https://www.pappers.fr/recherche?q=491852489,
492742846,https://www.pappers.fr/recherche?q=492742846,
493678551,https://www.pappers.fr/recherche?q=493678551,
498115427,https://www.pappers.fr/recherche?q=498115427,
499078608,https://www.pappers.fr/recherche?q=499078608,
499562783,https://www.pappers.fr/recherche?q=499562783,
500218367,https://www.pappers.fr/recherche?q=500218367,
502914310,https://www.pappers.fr/recherche?q=502914310,
504194606,https://www.pappers.fr/recherche?q=504194606,
509936696,https://www.pappers.fr/recherche?q=509936696,
510209539,https://www.pappers.fr/recherche?q=510209539,
510589724,https://www.pappers.fr/recherche?q=510589724,
510675309,https://www.pappers.fr/recherche?q=510675309,
511306789,https://www.pappers.fr/recherche?q=511306789,
511358921,https://www.pappers.fr/recherche?q=511358921,
511822157,https://www.pappers.fr/recherche?q=511822157,
512325382,https://www.pappers.fr/recherche?q=512325382,
512552779,https://www.pappers.fr/recherche?q=512552779,
512564527,https://www.pappers.fr/recherche?q=512564527,
513271643,https://www.pappers.fr/recherche?q=513271643,
513750307,https://www.pappers.fr/recherche?q=513750307,
514285592,https://www.pappers.fr/recherche?q=514285592,
514846575,https://www.pappers.fr/recherche?q=514846575,
514881382,https://www.pappers.fr/recherche?q=514881382,
515235919,https://www.pappers.fr/recherche?q=515235919,
518161591,https://www.pappers.fr/recherche?q=518161591,
518222708,https://www.pappers.fr/recherche?q=518222708,
521240465,https://www.pappers.fr/recherche?q=521240465,
521834424,https://www.pappers.fr/recherche?q=521834424,
522292390,https://www.pappers.fr/recherche?q=522292390,
523604866,https://www.pappers.fr/recherche?q=523604866,
527773303,https://www.pappers.fr/recherche?q=527773303,
528236300,https://www.pappers.fr/recherche?q=528236300,
528841091,https://www.pappers.fr/recherche?q=528841091,
528885346,https://www.pappers.fr/recherche?q=528885346,
529940439,https://www.pappers.fr/recherche?q=529940439,
531056125,https://www.pappers.fr/recherche?q=531056125,
532091576,https://www.pappers.fr/recherche?q=532091576,
532209921,https://www.pappers.fr/recherche?q=532209921,
532245628,https://www.pappers.fr/recherche?q=532245628,
533421467,https://www.pappers.fr/recherche?q=533421467,
533712808,https://www.pappers.fr/recherche?q=533712808,
533928859,https://www.pappers.fr/recherche?q=533928859,
534085758,https://www.pappers.fr/recherche?q=534085758,
534636519,https://www.pappers.fr/recherche?q=534636519,
534930755,https://www.pappers.fr/recherche?q=534930755,
534963590,https://www.pappers.fr/recherche?q=534963590,
538198862,https://www.pappers.fr/recherche?q=538198862,
538726225,https://www.pappers.fr/recherche?q=538726225,
539099895,https://www.pappers.fr/recherche?q=539099895,
750771826,https://www.pappers.fr/recherche?q=750771826,
750966434,https://www.pappers.fr/recherche?q=750966434,
751169806,https://www.pappers.fr/recherche?q=751169806,
751265182,https://www.pappers.fr/recherche?q=751265182,
751593492,https://www.pappers.fr/recherche?q=751593492,
752892315,https://www.pappers.fr/recherche?q=752892315,
752943308,https://www.pappers.fr/recherche?q=752943308,
753752849,https://www.pappers.fr/recherche?q=753752849,
788635522,https://www.pappers.fr/recherche?q=788635522,
790302244,https://www.pappers.fr/recherche?q=790302244,
790445985,https://www.pappers.fr/recherche?q=790445985,
790727028,https://www.pappers.fr/recherche?q=790727028,
790966642,https://www.pappers.fr/recherche?q=790966642,
791690555,https://www.pappers.fr/recherche?q=791690555,
791912975,https://www.pappers.fr/recherche?q=791912975,
793187238,https://www.pappers.fr/recherche?q=793187238,
793262817,https://www.pappers.fr/recherche?q=793262817,
793599358,https://www.pappers.fr/recherche?q=793599358,
794011023,https://www.pappers.fr/recherche?q=794011023,
794684944,https://www.pappers.fr/recherche?q=794684944,
794684944,https://www.pappers.fr/recherche?q=794684944,
797443868,https://www.pappers.fr/recherche?q=797443868,
798234100,https://www.pappers.fr/recherche?q=798234100,
798333530,https://www.pappers.fr/recherche?q=798333530,
799436696,https://www.pappers.fr/recherche?q=799436696,
800009987,https://www.pappers.fr/recherche?q=800009987,
800537078,https://www.pappers.fr/recherche?q=800537078,
800640955,https://www.pappers.fr/recherche?q=800640955,
800757502,https://www.pappers.fr/recherche?q=800757502,
801129248,https://www.pappers.fr/recherche?q=801129248,
803132323,https://www.pappers.fr/recherche?q=803132323,
803170539,https://www.pappers.fr/recherche?q=803170539,
803428614,https://www.pappers.fr/recherche?q=803428614,
803936418,https://www.pappers.fr/recherche?q=803936418,
804441780,https://www.pappers.fr/recherche?q=804441780,
804541068,https://www.pappers.fr/recherche?q=804541068,
804558179,https://www.pappers.fr/recherche?q=804558179,
804593739,https://www.pappers.fr/recherche?q=804593739,
804792513,https://www.pappers.fr/recherche?q=804792513,
807487335,https://www.pappers.fr/recherche?q=807487335,
807845433,https://www.pappers.fr/recherche?q=807845433,
808276331,https://www.pappers.fr/recherche?q=808276331,
808395842,https://www.pappers.fr/recherche?q=808395842,
808639397,https://www.pappers.fr/recherche?q=808639397,
808744510,https://www.pappers.fr/recherche?q=808744510,
808830517,https://www.pappers.fr/recherche?q=808830517,
808984801,https://www.pappers.fr/recherche?q=808984801,
809138886,https://www.pappers.fr/recherche?q=809138886,
809498439,https://www.pappers.fr/recherche?q=809498439,
809867690,https://www.pappers.fr/recherche?q=809867690,
811195494,https://www.pappers.fr/recherche?q=811195494,
811252014,https://www.pappers.fr/recherche?q=811252014,
812040079,https://www.pappers.fr/recherche?q=812040079,
812801504,https://www.pappers.fr/recherche?q=812801504,
813649332,https://www.pappers.fr/recherche?q=813649332,
813688090,https://www.pappers.fr/recherche?q=813688090,
814476453,https://www.pappers.fr/recherche?q=814476453,
814821104,https://www.pappers.fr/recherche?q=814821104,
814903779,https://www.pappers.fr/recherche?q=814903779,
815184411,https://www.pappers.fr/recherche?q=815184411,
815336789,https://www.pappers.fr/recherche?q=815336789,
817582760,https://www.pappers.fr/recherche?q=817582760,
818176786,https://www.pappers.fr/recherche?q=818176786,
818958795,https://www.pappers.fr/recherche?q=818958795,
819272170,https://www.pappers.fr/recherche?q=819272170,
819357732,https://www.pappers.fr/recherche?q=819357732,
819795535,https://www.pappers.fr/recherche?q=819795535,
819824715,https://www.pappers.fr/recherche?q=819824715,
821663820,https://www.pappers.fr/recherche?q=821663820,
821853645,https://www.pappers.fr/recherche?q=821853645,
822947263,https://www.pappers.fr/recherche?q=822947263,
823163316,https://www.pappers.fr/recherche?q=823163316,
823568761,https://www.pappers.fr/recherche?q=823568761,
823751920,https://www.pappers.fr/recherche?q=823751920,
824054118,https://www.pappers.fr/recherche?q=824054118,
824108823,https://www.pappers.fr/recherche?q=824108823,
824150767,https://www.pappers.fr/recherche?q=824150767,
824816177,https://www.pappers.fr/recherche?q=824816177,
827709999,https://www.pappers.fr/recherche?q=827709999,
827913716,https://www.pappers.fr/recherche?q=827913716,
827965914,https://www.pappers.fr/recherche?q=827965914,
828031104,https://www.pappers.fr/recherche?q=828031104,
828372722,https://www.pappers.fr/recherche?q=828372722,
829119668,https://www.pappers.fr/recherche?q=829119668,
829455534,https://www.pappers.fr/recherche?q=829455534,
829589902,https://www.pappers.fr/recherche?q=829589902,
830167227,https://www.pappers.fr/recherche?q=830167227,
830678181,https://www.pappers.fr/recherche?q=830678181,
830863890,https://www.pappers.fr/recherche?q=830863890,
830988929,https://www.pappers.fr/recherche?q=830988929,
831058698,https://www.pappers.fr/recherche?q=831058698,
831242615,https://www.pappers.fr/recherche?q=831242615,
832713218,https://www.pappers.fr/recherche?q=832713218,
833826373,https://www.pappers.fr/recherche?q=833826373,
834960486,https://www.pappers.fr/recherche?q=834960486,
835125741,https://www.pappers.fr/recherche?q=835125741,
835135997,https://www.pappers.fr/recherche?q=835135997,
835180688,https://www.pappers.fr/recherche?q=835180688,
835251182,https://www.pappers.fr/recherche?q=835251182,
838836146,https://www.pappers.fr/recherche?q=838836146,
839517976,https://www.pappers.fr/recherche?q=839517976,
840028781,https://www.pappers.fr/recherche?q=840028781,
840142004,https://www.pappers.fr/recherche?q=840142004,
840985709,https://www.pappers.fr/recherche?q=840985709,
841521636,https://www.pappers.fr/recherche?q=841521636,
841521859,https://www.pappers.fr/recherche?q=841521859,
841614753,https://www.pappers.fr/recherche?q=841614753,
842060204,https://www.pappers.fr/recherche?q=842060204,
842063372,https://www.pappers.fr/recherche?q=842063372,
842335887,https://www.pappers.fr/recherche?q=842335887,
842644155,https://www.pappers.fr/recherche?q=842644155,
844681452,https://www.pappers.fr/recherche?q=844681452,
844995142,https://www.pappers.fr/recherche?q=844995142,
845173228,https://www.pappers.fr/recherche?q=845173228,
845382282,https://www.pappers.fr/recherche?q=845382282,
847892833,https://www.pappers.fr/recherche?q=847892833,
848081428,https://www.pappers.fr/recherche?q=848081428,
848124103,https://www.pappers.fr/recherche?q=848124103,
848909073,https://www.pappers.fr/recherche?q=848909073,
849269832,https://www.pappers.fr/recherche?q=849269832,
849895784,https://www.pappers.fr/recherche?q=849895784,
850305954,https://www.pappers.fr/recherche?q=850305954,
851136945,https://www.pappers.fr/recherche?q=851136945,
852394451,https://www.pappers.fr/recherche?q=852394451,
852491208,https://www.pappers.fr/recherche?q=852491208,
853166502,https://www.pappers.fr/recherche?q=853166502,
853318020,https://www.pappers.fr/recherche?q=853318020,
853352102,https://www.pappers.fr/recherche?q=853352102,
853880615,https://www.pappers.fr/recherche?q=853880615,
877621946,https://www.pappers.fr/recherche?q=877621946,
877760926,https://www.pappers.fr/recherche?q=877760926,
877773689,https://www.pappers.fr/recherche?q=877773689,
878290584,https://www.pappers.fr/recherche?q=878290584,
878378827,https://www.pappers.fr/recherche?q=878378827,
879024065,https://www.pappers.fr/recherche?q=879024065,
879517225,https://www.pappers.fr/recherche?q=879517225,
879979789,https://www.pappers.fr/recherche?q=879979789,
880102082,https://www.pappers.fr/recherche?q=880102082,
880256524,https://www.pappers.fr/recherche?q=880256524,
880258207,https://www.pappers.fr/recherche?q=880258207,
880490370,https://www.pappers.fr/recherche?q=880490370,
881094924,https://www.pappers.fr/recherche?q=881094924,
881305973,https://www.pappers.fr/recherche?q=881305973,
882140940,https://www.pappers.fr/recherche?q=882140940,
882491871,https://www.pappers.fr/recherche?q=882491871,
882649411,https://www.pappers.fr/recherche?q=882649411,
882725062,https://www.pappers.fr/recherche?q=882725062,
883083255,https://www.pappers.fr/recherche?q=883083255,
883429516,https://www.pappers.fr/recherche?q=883429516,
883993578,https://www.pappers.fr/recherche?q=883993578,
884591991,https://www.pappers.fr/recherche?q=884591991,
884957812,https://www.pappers.fr/recherche?q=884957812,
885336677,https://www.pappers.fr/recherche?q=885336677,
887702660,https://www.pappers.fr/recherche?q=887702660,
887753564,https://www.pappers.fr/recherche?q=887753564,
888284767,https://www.pappers.fr/recherche?q=888284767,
888397734,https://www.pappers.fr/recherche?q=888397734,
888512761,https://www.pappers.fr/recherche?q=888512761,
888916996,https://www.pappers.fr/recherche?q=888916996,
888964475,https://www.pappers.fr/recherche?q=888964475,
889404166,https://www.pappers.fr/recherche?q=889404166,
889448890,https://www.pappers.fr/recherche?q=889448890,
889704532,https://www.pappers.fr/recherche?q=889704532,
890469513,https://www.pappers.fr/recherche?q=890469513,
890940760,https://www.pappers.fr/recherche?q=890940760,
892517129,https://www.pappers.fr/recherche?q=892517129,
893265546,https://www.pappers.fr/recherche?q=893265546,
893538736,https://www.pappers.fr/recherche?q=893538736,
894006311,https://www.pappers.fr/recherche?q=894006311,
894109958,https://www.pappers.fr/recherche?q=894109958,
894379437,https://www.pappers.fr/recherche?q=894379437,
895285294,https://www.pappers.fr/recherche?q=895285294,
895325587,https://www.pappers.fr/recherche?q=895325587,
895337541,https://www.pappers.fr/recherche?q=895337541,
897477881,https://www.pappers.fr/recherche?q=897477881,
897576492,https://www.pappers.fr/recherche?q=897576492,
897968574,https://www.pappers.fr/recherche?q=897968574,
898058607,https://www.pappers.fr/recherche?q=898058607,
898203898,https://www.pappers.fr/recherche?q=898203898,
898988118,https://www.pappers.fr/recherche?q=898988118,
899097166,https://www.pappers.fr/recherche?q=899097166,
899449177,https://www.pappers.fr/recherche?q=899449177,
899793566,https://www.pappers.fr/recherche?q=899793566,
899848709,https://www.pappers.fr/recherche?q=899848709,
900187238,https://www.pappers.fr/recherche?q=900187238,
900199563,https://www.pappers.fr/recherche?q=900199563,
900249293,https://www.pappers.fr/recherche?q=900249293,
900524497,https://www.pappers.fr/recherche?q=900524497,
900542499,https://www.pappers.fr/recherche?q=900542499,
900599994,https://www.pappers.fr/recherche?q=900599994,
900770777,https://www.pappers.fr/recherche?q=900770777,
901006999,https://www.pappers.fr/recherche?q=901006999,
901107938,https://www.pappers.fr/recherche?q=901107938,
901319913,https://www.pappers.fr/recherche?q=901319913,
901453548,https://www.pappers.fr/recherche?q=901453548,
901457879,https://www.pappers.fr/recherche?q=901457879,
901595587,https://www.pappers.fr/recherche?q=901595587,
901703801,https://www.pappers.fr/recherche?q=901703801,
902202464,https://www.pappers.fr/recherche?q=902202464,
902521533,https://www.pappers.fr/recherche?q=902521533,
902700038,https://www.pappers.fr/recherche?q=902700038,
903176584,https://www.pappers.fr/recherche?q=903176584,
903495026,https://www.pappers.fr/recherche?q=903495026,
903650430,https://www.pappers.fr/recherche?q=903650430,
903650455,https://www.pappers.fr/recherche?q=903650455,
904218336,https://www.pappers.fr/recherche?q=904218336,
904558061,https://www.pappers.fr/recherche?q=904558061,
905280202,https://www.pappers.fr/recherche?q=905280202,
908018690,https://www.pappers.fr/recherche?q=908018690,
908358179,https://www.pappers.fr/recherche?q=908358179,
908548217,https://www.pappers.fr/recherche?q=908548217,
908667074,https://www.pappers.fr/recherche?q=908667074,
909169385,https://www.pappers.fr/recherche?q=909169385,
909209314,https://www.pappers.fr/recherche?q=909209314,
909209330,https://www.pappers.fr/recherche?q=909209330,
909272734,https://www.pappers.fr/recherche?q=909272734,
909672529,https://www.pappers.fr/recherche?q=909672529,
909809287,https://www.pappers.fr/recherche?q=909809287,
909809949,https://www.pappers.fr/recherche?q=909809949,
910623396,https://www.pappers.fr/recherche?q=910623396,
911188738,https://www.pappers.fr/recherche?q=911188738,
911407054,https://www.pappers.fr/recherche?q=911407054,
911940179,https://www.pappers.fr/recherche?q=911940179,
912019445,https://www.pappers.fr/recherche?q=912019445,
912666336,https://www.pappers.fr/recherche?q=912666336,
912667151,https://www.pappers.fr/recherche?q=912667151,
912667656,https://www.pappers.fr/recherche?q=912667656,
914144399,https://www.pappers.fr/recherche?q=914144399,
914534227,https://www.pappers.fr/recherche?q=914534227,
915241509,https://www.pappers.fr/recherche?q=915241509,
917929341,https://www.pappers.fr/recherche?q=917929341,
918055377,https://www.pappers.fr/recherche?q=918055377,
918475286,https://www.pappers.fr/recherche?q=918475286,
919074419,https://www.pappers.fr/recherche?q=919074419,
919533257,https://www.pappers.fr/recherche?q=919533257,
920274982,https://www.pappers.fr/recherche?q=920274982,
920275088,https://www.pappers.fr/recherche?q=920275088,
920829488,https://www.pappers.fr/recherche?q=920829488,
921037982,https://www.pappers.fr/recherche?q=921037982,
921120705,https://www.pappers.fr/recherche?q=921120705,
921341921,https://www.pappers.fr/recherche?q=921341921,
924010952,https://www.pappers.fr/recherche?q=924010952,
924111891,https://www.pappers.fr/recherche?q=924111891,
924632383,https://www.pappers.fr/recherche?q=924632383,
924765746,https://www.pappers.fr/recherche?q=924765746,
925111551,https://www.pappers.fr/recherche?q=925111551,
928322643,https://www.pappers.fr/recherche?q=928322643,
928476282,https://www.pappers.fr/recherche?q=928476282,
928527191,https://www.pappers.fr/recherche?q=928527191,
929031722,https://www.pappers.fr/recherche?q=929031722,
929691178,https://www.pappers.fr/recherche?q=929691178,
929833879,https://www.pappers.fr/recherche?q=929833879,
929867463,https://www.pappers.fr/recherche?q=929867463,
929945194,https://www.pappers.fr/recherche?q=929945194,
931170765,https://www.pappers.fr/recherche?q=931170765,
931382188,https://www.pappers.fr/recherche?q=931382188,
931440481,https://www.pappers.fr/recherche?q=931440481,
931547475,https://www.pappers.fr/recherche?q=931547475,
932720519,https://www.pappers.fr/recherche?q=932720519,
933248387,https://www.pappers.fr/recherche?q=933248387,
933388845,https://www.pappers.fr/recherche?q=933388845,
934029612,https://www.pappers.fr/recherche?q=934029612,
934057159,https://www.pappers.fr/recherche?q=934057159,
934085002,https://www.pappers.fr/recherche?q=934085002,
934225111,https://www.pappers.fr/recherche?q=934225111,
934937731,https://www.pappers.fr/recherche?q=934937731,
935144733,https://www.pappers.fr/recherche?q=935144733,
935152363,https://www.pappers.fr/recherche?q=935152363,
935383042,https://www.pappers.fr/recherche?q=935383042,
937581353,https://www.pappers.fr/recherche?q=937581353,
938505088,https://www.pappers.fr/recherche?q=938505088,
938684024,https://www.pappers.fr/recherche?q=938684024,
939335519,https://www.pappers.fr/recherche?q=939335519,
939465902,https://www.pappers.fr/recherche?q=939465902,
940216021,https://www.pappers.fr/recherche?q=940216021,
940344815,https://www.pappers.fr/recherche?q=940344815,
940633258,https://www.pappers.fr/recherche?q=940633258,
941362535,https://www.pappers.fr/recherche?q=941362535,
941967887,https://www.pappers.fr/recherche?q=941967887,
942080755,https://www.pappers.fr/recherche?q=942080755,
942111782,https://www.pappers.fr/recherche?q=942111782,
942218702,https://www.pappers.fr/recherche?q=942218702,
942793431,https://www.pappers.fr/recherche?q=942793431,
943407114,https://www.pappers.fr/recherche?q=943407114,
943606160,https://www.pappers.fr/recherche?q=943606160,
943706804,https://www.pappers.fr/recherche?q=943706804,
944541879,https://www.pappers.fr/recherche?q=944541879,
944584028,https://www.pappers.fr/recherche?q=944584028,
944732049,https://www.pappers.fr/recherche?q=944732049,
947522546,https://www.pappers.fr/recherche?q=947522546,
947543047,https://www.pappers.fr/recherche?q=947543047,
947555892,https://www.pappers.fr/recherche?q=947555892,
947614665,https://www.pappers.fr/recherche?q=947614665,
947773917,https://www.pappers.fr/recherche?q=947773917,
947841292,https://www.pappers.fr/recherche?q=947841292,
948091319,https://www.pappers.fr/recherche?q=948091319,
948160791,https://www.pappers.fr/recherche?q=948160791,
948400304,https://www.pappers.fr/recherche?q=948400304,
948587175,https://www.pappers.fr/recherche?q=948587175,
948815006,https://www.pappers.fr/recherche?q=948815006,
949287106,https://www.pappers.fr/recherche?q=949287106,
951205384,https://www.pappers.fr/recherche?q=951205384,
951635317,https://www.pappers.fr/recherche?q=951635317,
953695988,https://www.pappers.fr/recherche?q=953695988,
977812544,https://www.pappers.fr/recherche?q=977812544,
977925023,https://www.pappers.fr/recherche?q=977925023,
978066066,https://www.pappers.fr/recherche?q=978066066,
978403111,https://www.pappers.fr/recherche?q=978403111,
978511475,https://www.pappers.fr/recherche?q=978511475,
978531655,https://www.pappers.fr/recherche?q=978531655,
978952406,https://www.pappers.fr/recherche?q=978952406,
979539350,https://www.pappers.fr/recherche?q=979539350,
979734258,https://www.pappers.fr/recherche?q=979734258,
979922259,https://www.pappers.fr/recherche?q=979922259,
981371693,https://www.pappers.fr/recherche?q=981371693,
981586092,https://www.pappers.fr/recherche?q=981586092,
981827538,https://www.pappers.fr/recherche?q=981827538,
981931306,https://www.pappers.fr/recherche?q=981931306,
982245854,https://www.pappers.fr/recherche?q=982245854,
982406258,https://www.pappers.fr/recherche?q=982406258,
982614240,https://www.pappers.fr/recherche?q=982614240,
982987000,https://www.pappers.fr/recherche?q=982987000,
982988883,https://www.pappers.fr/recherche?q=982988883,
983430786,https://www.pappers.fr/recherche?q=983430786,
983467226,https://www.pappers.fr/recherche?q=983467226,
983998055,https://www.pappers.fr/recherche?q=983998055,
984122275,https://www.pappers.fr/recherche?q=984122275,
984244657,https://www.pappers.fr/recherche?q=984244657,
984272567,https://www.pappers.fr/recherche?q=984272567,
984535393,https://www.pappers.fr/recherche?q=984535393,
984669432,https://www.pappers.fr/recherche?q=984669432,
984727842,https://www.pappers.fr/recherche?q=984727842,
984945196,https://www.pappers.fr/recherche?q=984945196,
985005487,https://www.pappers.fr/recherche?q=985005487,
987521820,https://www.pappers.fr/recherche?q=987521820,
988503827,https://www.pappers.fr/recherche?q=988503827,
989921895,https://www.pappers.fr/recherche?q=989921895,
990063802,https://www.pappers.fr/recherche?q=990063802,
990505448,https://www.pappers.fr/recherche?q=990505448,
990803215,https://www.pappers.fr/recherche?q=990803215,
991028952,https://www.pappers.fr/recherche?q=991028952,
991063413,https://www.pappers.fr/recherche?q=991063413,
991241043,https://www.pappers.fr/recherche?q=991241043,
992075127,https://www.pappers.fr/recherche?q=992075127,
992572149,https://www.pappers.fr/recherche?q=992572149,
992949875,https://www.pappers.fr/recherche?q=992949875,
993093731,https://www.pappers.fr/recherche?q=993093731,
321201402,https://www.pappers.fr/recherche?q=321201402,
333504892,https://www.pappers.fr/recherche?q=333504892,
334176195,https://www.pappers.fr/recherche?q=334176195,
335307021,https://www.pappers.fr/recherche?q=335307021,
337658157,https://www.pappers.fr/recherche?q=337658157,
339077919,https://www.pappers.fr/recherche?q=339077919,
343563789,https://www.pappers.fr/recherche?q=343563789,
351086954,https://www.pappers.fr/recherche?q=351086954,
352681878,https://www.pappers.fr/recherche?q=352681878,
382786499,https://www.pappers.fr/recherche?q=382786499,
387978372,https://www.pappers.fr/recherche?q=387978372,
397718099,https://www.pappers.fr/recherche?q=397718099,
401901624,https://www.pappers.fr/recherche?q=401901624,
403728785,https://www.pappers.fr/recherche?q=403728785,
411646714,https://www.pappers.fr/recherche?q=411646714,
417800984,https://www.pappers.fr/recherche?q=417800984,
423336254,https://www.pappers.fr/recherche?q=423336254,
423734177,https://www.pappers.fr/recherche?q=423734177,
424242204,https://www.pappers.fr/recherche?q=424242204,
424677664,https://www.pappers.fr/recherche?q=424677664,
428116537,https://www.pappers.fr/recherche?q=428116537,
429410384,https://www.pappers.fr/recherche?q=429410384,
429591019,https://www.pappers.fr/recherche?q=429591019,
431379734,https://www.pappers.fr/recherche?q=431379734,
432254258,https://www.pappers.fr/recherche?q=432254258,
445046139,https://www.pappers.fr/recherche?q=445046139,
482641925,https://www.pappers.fr/recherche?q=482641925,
483783676,https://www.pappers.fr/recherche?q=483783676,
489215327,https://www.pappers.fr/recherche?q=489215327,
490549573,https://www.pappers.fr/recherche?q=490549573,
492641907,https://www.pappers.fr/recherche?q=492641907,
492641907,https://www.pappers.fr/recherche?q=492641907,
493047278,https://www.pappers.fr/recherche?q=493047278,
494339203,https://www.pappers.fr/recherche?q=494339203,
495375131,https://www.pappers.fr/recherche?q=495375131,
499420917,https://www.pappers.fr/recherche?q=499420917,
508147154,https://www.pappers.fr/recherche?q=508147154,
509950432,https://www.pappers.fr/recherche?q=509950432,
510951247,https://www.pappers.fr/recherche?q=510951247,
511742579,https://www.pappers.fr/recherche?q=511742579,
512831215,https://www.pappers.fr/recherche?q=512831215,
513053876,https://www.pappers.fr/recherche?q=513053876,
513725812,https://www.pappers.fr/recherche?q=513725812,
514865922,https://www.pappers.fr/recherche?q=514865922,
518849070,https://www.pappers.fr/recherche?q=518849070,
520881897,https://www.pappers.fr/recherche?q=520881897,
521272153,https://www.pappers.fr/recherche?q=521272153,
521754069,https://www.pappers.fr/recherche?q=521754069,
522069905,https://www.pappers.fr/recherche?q=522069905,
522449115,https://www.pappers.fr/recherche?q=522449115,
527690564,https://www.pappers.fr/recherche?q=527690564,
528732399,https://www.pappers.fr/recherche?q=528732399,
528867724,https://www.pappers.fr/recherche?q=528867724,
529125346,https://www.pappers.fr/recherche?q=529125346,
530192244,https://www.pappers.fr/recherche?q=530192244,
531040657,https://www.pappers.fr/recherche?q=531040657,
533533337,https://www.pappers.fr/recherche?q=533533337,
533974275,https://www.pappers.fr/recherche?q=533974275,
535070015,https://www.pappers.fr/recherche?q=535070015,
750825531,https://www.pappers.fr/recherche?q=750825531,
752847921,https://www.pappers.fr/recherche?q=752847921,
753694116,https://www.pappers.fr/recherche?q=753694116,
788891380,https://www.pappers.fr/recherche?q=788891380,
789037058,https://www.pappers.fr/recherche?q=789037058,
789722345,https://www.pappers.fr/recherche?q=789722345,
798455499,https://www.pappers.fr/recherche?q=798455499,
800525040,https://www.pappers.fr/recherche?q=800525040,
802474221,https://www.pappers.fr/recherche?q=802474221,
803261916,https://www.pappers.fr/recherche?q=803261916,
804561389,https://www.pappers.fr/recherche?q=804561389,
805019171,https://www.pappers.fr/recherche?q=805019171,
807780234,https://www.pappers.fr/recherche?q=807780234,
807860853,https://www.pappers.fr/recherche?q=807860853,
809917339,https://www.pappers.fr/recherche?q=809917339,
810034322,https://www.pappers.fr/recherche?q=810034322,
810584482,https://www.pappers.fr/recherche?q=810584482,
810688002,https://www.pappers.fr/recherche?q=810688002,
811212950,https://www.pappers.fr/recherche?q=811212950,
812856136,https://www.pappers.fr/recherche?q=812856136,
815116678,https://www.pappers.fr/recherche?q=815116678,
815116678,https://www.pappers.fr/recherche?q=815116678,
821504677,https://www.pappers.fr/recherche?q=821504677,
821541968,https://www.pappers.fr/recherche?q=821541968,
821842317,https://www.pappers.fr/recherche?q=821842317,
824359301,https://www.pappers.fr/recherche?q=824359301,
827926437,https://www.pappers.fr/recherche?q=827926437,
828325340,https://www.pappers.fr/recherche?q=828325340,
828616334,https://www.pappers.fr/recherche?q=828616334,
828797159,https://www.pappers.fr/recherche?q=828797159,
829338169,https://www.pappers.fr/recherche?q=829338169,
830325098,https://www.pappers.fr/recherche?q=830325098,
831993092,https://www.pappers.fr/recherche?q=831993092,
834756801,https://www.pappers.fr/recherche?q=834756801,
837834746,https://www.pappers.fr/recherche?q=837834746,
837984319,https://www.pappers.fr/recherche?q=837984319,
837984673,https://www.pappers.fr/recherche?q=837984673,
838035632,https://www.pappers.fr/recherche?q=838035632,
838933588,https://www.pappers.fr/recherche?q=838933588,
840910194,https://www.pappers.fr/recherche?q=840910194,
842063125,https://www.pappers.fr/recherche?q=842063125,
845100155,https://www.pappers.fr/recherche?q=845100155,
845342120,https://www.pappers.fr/recherche?q=845342120,
850029026,https://www.pappers.fr/recherche?q=850029026,
850794918,https://www.pappers.fr/recherche?q=850794918,
851477588,https://www.pappers.fr/recherche?q=851477588,
879864684,https://www.pappers.fr/recherche?q=879864684,
883023624,https://www.pappers.fr/recherche?q=883023624,
883364515,https://www.pappers.fr/recherche?q=883364515,
884023193,https://www.pappers.fr/recherche?q=884023193,
887702710,https://www.pappers.fr/recherche?q=887702710,
888917176,https://www.pappers.fr/recherche?q=888917176,
889711412,https://www.pappers.fr/recherche?q=889711412,
890048168,https://www.pappers.fr/recherche?q=890048168,
891485179,https://www.pappers.fr/recherche?q=891485179,
891925646,https://www.pappers.fr/recherche?q=891925646,
892024936,https://www.pappers.fr/recherche?q=892024936,
892736489,https://www.pappers.fr/recherche?q=892736489,
893746230,https://www.pappers.fr/recherche?q=893746230,
893790055,https://www.pappers.fr/recherche?q=893790055,
894463934,https://www.pappers.fr/recherche?q=894463934,
895217271,https://www.pappers.fr/recherche?q=895217271,
899516470,https://www.pappers.fr/recherche?q=899516470,
902205418,https://www.pappers.fr/recherche?q=902205418,
902546308,https://www.pappers.fr/recherche?q=902546308,
903618288,https://www.pappers.fr/recherche?q=903618288,
904191301,https://www.pappers.fr/recherche?q=904191301,
904271897,https://www.pappers.fr/recherche?q=904271897,
905075529,https://www.pappers.fr/recherche?q=905075529,
908225063,https://www.pappers.fr/recherche?q=908225063,
908275126,https://www.pappers.fr/recherche?q=908275126,
908322282,https://www.pappers.fr/recherche?q=908322282,
909108169,https://www.pappers.fr/recherche?q=909108169,
909967747,https://www.pappers.fr/recherche?q=909967747,
910044890,https://www.pappers.fr/recherche?q=910044890,
911753614,https://www.pappers.fr/recherche?q=911753614,
914316302,https://www.pappers.fr/recherche?q=914316302,
915376354,https://www.pappers.fr/recherche?q=915376354,
917911372,https://www.pappers.fr/recherche?q=917911372,
918273913,https://www.pappers.fr/recherche?q=918273913,
918368556,https://www.pappers.fr/recherche?q=918368556,
919417428,https://www.pappers.fr/recherche?q=919417428,
919469338,https://www.pappers.fr/recherche?q=919469338,
919792887,https://www.pappers.fr/recherche?q=919792887,
920404217,https://www.pappers.fr/recherche?q=920404217,
921221107,https://www.pappers.fr/recherche?q=921221107,
921991188,https://www.pappers.fr/recherche?q=921991188,
922432588,https://www.pappers.fr/recherche?q=922432588,
922737341,https://www.pappers.fr/recherche?q=922737341,
925001497,https://www.pappers.fr/recherche?q=925001497,
928108349,https://www.pappers.fr/recherche?q=928108349,
929876159,https://www.pappers.fr/recherche?q=929876159,
930374087,https://www.pappers.fr/recherche?q=930374087,
930513460,https://www.pappers.fr/recherche?q=930513460,
933497562,https://www.pappers.fr/recherche?q=933497562,
934530056,https://www.pappers.fr/recherche?q=934530056,
934755273,https://www.pappers.fr/recherche?q=934755273,
935287896,https://www.pappers.fr/recherche?q=935287896,
937640373,https://www.pappers.fr/recherche?q=937640373,
938231701,https://www.pappers.fr/recherche?q=938231701,
938622099,https://www.pappers.fr/recherche?q=938622099,
940003148,https://www.pappers.fr/recherche?q=940003148,
940480130,https://www.pappers.fr/recherche?q=940480130,
942882754,https://www.pappers.fr/recherche?q=942882754,
943369546,https://www.pappers.fr/recherche?q=943369546,
944488808,https://www.pappers.fr/recherche?q=944488808,
945373413,https://www.pappers.fr/recherche?q=945373413,
947564811,https://www.pappers.fr/recherche?q=947564811,
947729786,https://www.pappers.fr/recherche?q=947729786,
951331016,https://www.pappers.fr/recherche?q=951331016,
951963339,https://www.pappers.fr/recherche?q=951963339,
953268406,https://www.pappers.fr/recherche?q=953268406,
953319738,https://www.pappers.fr/recherche?q=953319738,
953705506,https://www.pappers.fr/recherche?q=953705506,
978946820,https://www.pappers.fr/recherche?q=978946820,
980859953,https://www.pappers.fr/recherche?q=980859953,
982296006,https://www.pappers.fr/recherche?q=982296006,
982345258,https://www.pappers.fr/recherche?q=982345258,
982798753,https://www.pappers.fr/recherche?q=982798753,
983060039,https://www.pappers.fr/recherche?q=983060039,
984252718,https://www.pappers.fr/recherche?q=984252718,
987365814,https://www.pappers.fr/recherche?q=987365814,
988071437,https://www.pappers.fr/recherche?q=988071437,
988379855,https://www.pappers.fr/recherche?q=988379855,
988522017,https://www.pappers.fr/recherche?q=988522017,
988643748,https://www.pappers.fr/recherche?q=988643748,
988876819,https://www.pappers.fr/recherche?q=988876819,
990853616,https://www.pappers.fr/recherche?q=990853616,
992227108,https://www.pappers.fr/recherche?q=992227108,
992649723,https://www.pappers.fr/recherche?q=992649723,
993345149,https://www.pappers.fr/recherche?q=993345149,
317602464,https://www.pappers.fr/recherche?q=317602464,
511778789,https://www.pappers.fr/recherche?q=511778789,
511822157,https://www.pappers.fr/recherche?q=511822157,
512965021,https://www.pappers.fr/recherche?q=512965021,
513869990,https://www.pappers.fr/recherche?q=513869990,
518423587,https://www.pappers.fr/recherche?q=518423587,
519255780,https://www.pappers.fr/recherche?q=519255780,
534255385,https://www.pappers.fr/recherche?q=534255385,
539802876,https://www.pappers.fr/recherche?q=539802876,
792275364,https://www.pappers.fr/recherche?q=792275364,
828397588,https://www.pappers.fr/recherche?q=828397588,
883825994,https://www.pappers.fr/recherche?q=883825994,
889404422,https://www.pappers.fr/recherche?q=889404422,
905013215,https://www.pappers.fr/recherche?q=905013215,
919234112,https://www.pappers.fr/recherche?q=919234112,
919788216,https://www.pappers.fr/recherche?q=919788216,
948679691,https://www.pappers.fr/recherche?q=948679691,
990531220,https://www.pappers.fr/recherche?q=990531220,
508160959,https://www.pappers.fr/recherche?q=508160959,
528795347,https://www.pappers.fr/recherche?q=528795347,
844406207,https://www.pappers.fr/recherche?q=844406207,
851756858,https://www.pappers.fr/recherche?q=851756858,
887721629,https://www.pappers.fr/recherche?q=887721629,
904260593,https://www.pappers.fr/recherche?q=904260593,
921229704,https://www.pappers.fr/recherche?q=921229704,
928278209,https://www.pappers.fr/recherche?q=928278209,
933155053,https://www.pappers.fr/recherche?q=933155053,
977781384,https://www.pappers.fr/recherche?q=977781384,
321196669,https://www.pappers.fr/recherche?q=321196669,
328655915,https://www.pappers.fr/recherche?q=328655915,
388575961,https://www.pappers.fr/recherche?q=388575961,
404082968,https://www.pappers.fr/recherche?q=404082968,
419470240,https://www.pappers.fr/recherche?q=419470240,
498245224,https://www.pappers.fr/recherche?q=498245224,
498529239,https://www.pappers.fr/recherche?q=498529239,
501576805,https://www.pappers.fr/recherche?q=501576805,
502551492,https://www.pappers.fr/recherche?q=502551492,
502601164,https://www.pappers.fr/recherche?q=502601164,
511836033,https://www.pappers.fr/recherche?q=511836033,
513293985,https://www.pappers.fr/recherche?q=513293985,
514951490,https://www.pappers.fr/recherche?q=514951490,
515111763,https://www.pappers.fr/recherche?q=515111763,
525171641,https://www.pappers.fr/recherche?q=525171641,
534429873,https://www.pappers.fr/recherche?q=534429873,
534888805,https://www.pappers.fr/recherche?q=534888805,
753093079,https://www.pappers.fr/recherche?q=753093079,
788634327,https://www.pappers.fr/recherche?q=788634327,
794635342,https://www.pappers.fr/recherche?q=794635342,
795030899,https://www.pappers.fr/recherche?q=795030899,
802564898,https://www.pappers.fr/recherche?q=802564898,
803380625,https://www.pappers.fr/recherche?q=803380625,
813302288,https://www.pappers.fr/recherche?q=813302288,
817465271,https://www.pappers.fr/recherche?q=817465271,
817698442,https://www.pappers.fr/recherche?q=817698442,
817905151,https://www.pappers.fr/recherche?q=817905151,
819470592,https://www.pappers.fr/recherche?q=819470592,
821240223,https://www.pappers.fr/recherche?q=821240223,
895343192,https://www.pappers.fr/recherche?q=895343192,
928308063,https://www.pappers.fr/recherche?q=928308063,
982392771,https://www.pappers.fr/recherche?q=982392771,
987888690,https://www.pappers.fr/recherche?q=987888690,
381671809,https://www.pappers.fr/recherche?q=381671809,
394997803,https://www.pappers.fr/recherche?q=394997803,
419230578,https://www.pappers.fr/recherche?q=419230578,
441325164,https://www.pappers.fr/recherche?q=441325164,
453921629,https://www.pappers.fr/recherche?q=453921629,
507457075,https://www.pappers.fr/recherche?q=507457075,
508310299,https://www.pappers.fr/recherche?q=508310299,
532628088,https://www.pappers.fr/recherche?q=532628088,
534423983,https://www.pappers.fr/recherche?q=534423983,
792569345,https://www.pappers.fr/recherche?q=792569345,
810300228,https://www.pappers.fr/recherche?q=810300228,
831092028,https://www.pappers.fr/recherche?q=831092028,
881065684,https://www.pappers.fr/recherche?q=881065684,
885304014,https://www.pappers.fr/recherche?q=885304014,
892549494,https://www.pappers.fr/recherche?q=892549494,
898379482,https://www.pappers.fr/recherche?q=898379482,
904947496,https://www.pappers.fr/recherche?q=904947496,
918481706,https://www.pappers.fr/recherche?q=918481706,
941557829,https://www.pappers.fr/recherche?q=941557829,
944101807,https://www.pappers.fr/recherche?q=944101807,
972200018,https://www.pappers.fr/recherche?q=972200018,
972200018,https://www.pappers.fr/recherche?q=972200018,
972200018,https://www.pappers.fr/recherche?q=972200018,
972200018,https://www.pappers.fr/recherche?q=972200018,
977956960,https://www.pappers.fr/recherche?q=977956960,
990187262,https://www.pappers.fr/recherche?q=990187262,
992020172,https://www.pappers.fr/recherche?q=992020172,
408349165,https://www.pappers.fr/recherche?q=408349165,
422422816,https://www.pappers.fr/recherche?q=422422816,
477952048,https://www.pappers.fr/recherche?q=477952048,
480561489,https://www.pappers.fr/recherche?q=480561489,
481770212,https://www.pappers.fr/recherche?q=481770212,
508011145,https://www.pappers.fr/recherche?q=508011145,
517908612,https://www.pappers.fr/recherche?q=517908612,
538686726,https://www.pappers.fr/recherche?q=538686726,
799136296,https://www.pappers.fr/recherche?q=799136296,
800392722,https://www.pappers.fr/recherche?q=800392722,
802088583,https://www.pappers.fr/recherche?q=802088583,
807621578,https://www.pappers.fr/recherche?q=807621578,
814435228,https://www.pappers.fr/recherche?q=814435228,
819135856,https://www.pappers.fr/recherche?q=819135856,
825030539,https://www.pappers.fr/recherche?q=825030539,
851506444,https://www.pappers.fr/recherche?q=851506444,
851777318,https://www.pappers.fr/recherche?q=851777318,
852618081,https://www.pappers.fr/recherche?q=852618081,
877970079,https://www.pappers.fr/recherche?q=877970079,
888784204,https://www.pappers.fr/recherche?q=888784204,
888917523,https://www.pappers.fr/recherche?q=888917523,
902017011,https://www.pappers.fr/recherche?q=902017011,
909237810,https://www.pappers.fr/recherche?q=909237810,
910276351,https://www.pappers.fr/recherche?q=910276351,
914325360,https://www.pappers.fr/recherche?q=914325360,
918202243,https://www.pappers.fr/recherche?q=918202243,
923873673,https://www.pappers.fr/recherche?q=923873673,
939932802,https://www.pappers.fr/recherche?q=939932802,
941506487,https://www.pappers.fr/recherche?q=941506487,
949489280,https://www.pappers.fr/recherche?q=949489280,
984782409,https://www.pappers.fr/recherche?q=984782409,
989982319,https://www.pappers.fr/recherche?q=989982319,
990306896,https://www.pappers.fr/recherche?q=990306896,
992573717,https://www.pappers.fr/recherche?q=992573717,
394358949,https://www.pappers.fr/recherche?q=394358949,
442045696,https://www.pappers.fr/recherche?q=442045696,
483105078,https://www.pappers.fr/recherche?q=483105078,
484531975,https://www.pappers.fr/recherche?q=484531975,
490571585,https://www.pappers.fr/recherche?q=490571585,
978833663,https://www.pappers.fr/recherche?q=978833663,
301731576,https://www.pappers.fr/recherche?q=301731576,
489500405,https://www.pappers.fr/recherche?q=489500405,
828518563,https://www.pappers.fr/recherche?q=828518563,
832928758,https://www.pappers.fr/recherche?q=832928758,
893066621,https://www.pappers.fr/recherche?q=893066621,
899342976,https://www.pappers.fr/recherche?q=899342976,
934629999,https://www.pappers.fr/recherche?q=934629999,
987895034,https://www.pappers.fr/recherche?q=987895034,
